ZCR Mean,ZCR Median,ZCR Std Deviasi,ZCR Skewness,ZCR Kurtosis
0.20195761494252873,0.12109375,0.17690123334757843,1.4896205498283026,0.6145528135465397
