ZCR Mean,ZCR Median,ZCR Std Deviasi,ZCR Skewness,ZCR Kurtosis
0.13328575721153846,0.080322265625,0.1629911993717357,2.2028011096450553,3.2936813162788923
