ZCR Mean,ZCR Median,ZCR Std Deviasi,ZCR Skewness,ZCR Kurtosis
0.07954259072580645,0.05810546875,0.0855804682926083,2.744527956330808,7.066663634011798
