ZCR Mean,ZCR Median,ZCR Std Deviasi,ZCR Skewness,ZCR Kurtosis
0.10908954326923077,0.039794921875,0.1753921640434441,2.213186175180164,3.1021878708062136
