ZCR Mean,ZCR Median,ZCR Std Deviasi,ZCR Skewness,ZCR Kurtosis
0.15353064903846153,0.0654296875,0.17474230288115264,1.608080549997705,1.321781476651247
