ZCR Mean,ZCR Median,ZCR Std Deviasi,ZCR Skewness,ZCR Kurtosis
0.09515881147540983,0.0419921875,0.15025336901409259,2.361163709138612,4.211891809875696
